Ref,Val,Package,PosX,PosY,Rot,Side
"","","",5.200000,73.600000,0.000000,top
"","","",3.800000,7.000000,0.000000,top
"J1","Connectors_EFI_ECUs_Con_825213-1","825213-1_FIAT",78.000000,-1.000000,180.000000,top
"M2","Module:mega-mcu100/0.3","mega-mcu100",101.324995,37.824995,0.000000,top
